name,email,job_id,score
Nagaraj Nath,nagaraj.nath318@example.com,,90
Harsh Mangal,harsh.mangal158@example.com,,78
Gaurav Mallick,gaurav.mallick27@example.com,,81
Veda Prakash,veda.prakash616@example.com,,73
Amol Kadakia,amol.kadakia606@example.com,,85
Sonali Mandavgane,sonali.mandavgane516@example.com,,73
Aaryamann Narain,aaryamann.narain532@example.com,,49
Aravind Date,aravind.date135@example.com,,50
Nikhil Kundu,nikhil.kundu666@example.com,,93
Bhavya Tank,bhavya.tank319@example.com,,49
Shekhar Seth,shekhar.seth426@example.com,,88
Shreyas Kapur,shreyas.kapur25@example.com,,40
Dev H Hegde,dev.h hegde787@example.com,,79
Sneha Vartak,sneha.vartak864@example.com,,42
Girish Burman,girish.burman412@example.com,,88
Arjun Engineer,arjun.engineer545@example.com,,56
Aadya Lahiri,aadya.lahiri189@example.com,,43
Sarvesh Lad,sarvesh.lad992@example.com,,55
Lavanya Goda,lavanya.goda836@example.com,,59
Dinesh Mathew,dinesh.mathew809@example.com,,47
Samaira Chahal,samaira.chahal817@example.com,,73
Narendra Bhandari,narendra.bhandari682@example.com,,55
Naresh Kawa,naresh.kawa449@example.com,,61
Avinash Mangat,avinash.mangat336@example.com,,64
Kirti Sinha,kirti.sinha155@example.com,,95
Ishani Bakshi,ishani.bakshi623@example.com,,52
Sanjay Sharma,sanjay.sharma85@example.com,,87
Aditya Mahato,aditya.mahato411@example.com,,44
Hitesh Tiwari,hitesh.tiwari885@example.com,,67
Aaryamann Solanki,aaryamann.solanki907@example.com,,48
Shantanu Amin,shantanu.amin990@example.com,,87
Reyansh Jain,reyansh.jain789@example.com,,95
Gopal Nishad,gopal.nishad899@example.com,,43
Vinay Rastogi,vinay.rastogi622@example.com,,84
Ishani Maharaj,ishani.maharaj379@example.com,,85
Pankaj Raghunathan,pankaj.raghunathan30@example.com,,68
Vibhor Balan,vibhor.balan103@example.com,,99
Ritwik Cheema,ritwik.cheema379@example.com,,44
Vasant Deshmukh,vasant.deshmukh899@example.com,,58
Kavya Doshi,kavya.doshi472@example.com,,71
Atharva Jhaveri,atharva.jhaveri173@example.com,,92
Himanshu Nagarajan,himanshu.nagarajan582@example.com,,72
Mohane Chauhan,mohane.chauhan861@example.com,,85
Arun Bhardwaj,arun.bhardwaj739@example.com,,87
Narayan Lobo,narayan.lobo917@example.com,,86
Kailash Trivedi,kailash.trivedi245@example.com,,83
Chetan Mann,chetan.mann490@example.com,,92
Arun Munshi,arun.munshi838@example.com,,77
Priya Kamboj,priya.kamboj323@example.com,,47
Harsh Wangu,harsh.wangu741@example.com,,47
Hamsini Maheshwari,hamsini.maheshwari864@example.com,,85
Vijay Moorthy,vijay.moorthy927@example.com,,52
Rajeev Chawla,rajeev.chawla717@example.com,,55
Jivika Johal,jivika.johal642@example.com,,61
Hemant Mahajan,hemant.mahajan759@example.com,,86
Jaideep Bassi,jaideep.bassi356@example.com,,69
Suhani Rajagopalan,suhani.rajagopalan380@example.com,,90
Pranav Wangu,pranav.wangu247@example.com,,67
Ishwar Ranganathan,ishwar.ranganathan772@example.com,,67
Rohan Phadnis,rohan.phadnis542@example.com,,78
Parag Pendse,parag.pendse178@example.com,,67
Jia Biyani,jia.biyani326@example.com,,40
Lavanya Majumdar,lavanya.majumdar207@example.com,,98
Lalit Chandy,lalit.chandy963@example.com,,50
Vipin Singhal,vipin.singhal245@example.com,,83
Khushi Chatterjee,khushi.chatterjee489@example.com,,67
Vijay Pereira,vijay.pereira980@example.com,,55
Vrinda Hari,vrinda.hari826@example.com,,72
Santosh Rao,santosh.rao536@example.com,,66
Reyansh Rodrigues,reyansh.rodrigues891@example.com,,80
Sandeep Soman,sandeep.soman785@example.com,,67
Madan Raju,madan.raju660@example.com,,40
Prateek Shankar,prateek.shankar479@example.com,,87
Dheeraj Radhakrishnan,dheeraj.radhakrishnan651@example.com,,96
Suman Prabhu,suman.prabhu439@example.com,,49
Mihir Setty,mihir.setty95@example.com,,71
Rajesh Verma,rajesh.verma669@example.com,,89
Avni Harpal,avni.harpal319@example.com,,85
Akshay Verma,akshay.verma849@example.com,,45
Vasant Kapadia,vasant.kapadia962@example.com,,46
Sushil Dasgupta,sushil.dasgupta543@example.com,,68
Sudhir Sur,sudhir.sur690@example.com,,95
Manoj Nayak,manoj.nayak410@example.com,,44
Veda Dhanjal,veda.dhanjal598@example.com,,41
Kabir D'Souza,kabir.d'souza627@example.com,,98
Omkar Gulati,omkar.gulati730@example.com,,53
Shweta Moorthy,shweta.moorthy899@example.com,,93
Ujjwal Moorthy,ujjwal.moorthy758@example.com,,88
Kishan Karanth,kishan.karanth932@example.com,,88
Sumit Seshadri,sumit.seshadri394@example.com,,66
Suraj Raman,suraj.raman448@example.com,,65
Kirti Sagar,kirti.sagar902@example.com,,49
Sonia Talwar,sonia.talwar184@example.com,,67
Ishaan Prakash,ishaan.prakash79@example.com,,87
Gopal Patel,gopal.patel961@example.com,,94
Parmesh Mirhandani,parmesh.mirhandani224@example.com,,52
Hiral Nene,hiral.nene723@example.com,,87
Nishant Balasubramanian,nishant.balasubramanian450@example.com,,87
Somesh Arya,somesh.arya960@example.com,,66
Yogesh Surve,yogesh.surve598@example.com,,49
Dhaval Tata,dhaval.tata838@example.com,,84
Manoj Dubey,manoj.dubey27@example.com,,81
Kunal Palan,kunal.palan686@example.com,,73
Nikhil Joshi,nikhil.joshi410@example.com,,93
Prabhat Mammen,prabhat.mammen323@example.com,,53
Ashwin Mammen,ashwin.mammen957@example.com,,69
Pramod Wagle,pramod.wagle634@example.com,,50
Saurabh Biyani,saurabh.biyani395@example.com,,45
Vikas Raghunathan,vikas.raghunathan445@example.com,,67
Yuvraj Harpal,yuvraj.harpal663@example.com,,40
Ishaan Lanka,ishaan.lanka144@example.com,,77
Anuj Kapoor,anuj.kapoor984@example.com,,82
Shruti Nagarajan,shruti.nagarajan794@example.com,,81
Priya Gogoi,priya.gogoi425@example.com,,49
Vishesh Khatri,vishesh.khatri479@example.com,,93
Ira Mangat,ira.mangat972@example.com,,47
Ritwik Chacko,ritwik.chacko360@example.com,,52
Vineet Gala,vineet.gala270@example.com,,43
Devendra Swamy,devendra.swamy66@example.com,,93
Karthik Venkatraman,karthik.venkatraman355@example.com,,61
Atul Lad,atul.lad683@example.com,,50
Nandini Rathod,nandini.rathod888@example.com,,99
Lavanya Rajagopalan,lavanya.rajagopalan467@example.com,,65
Rajat Bail,rajat.bail256@example.com,,91
Nilesh Ravi,nilesh.ravi809@example.com,,66
Vipin Nikam,vipin.nikam248@example.com,,50
Aadya Dara,aadya.dara719@example.com,,50
Pritam Anand,pritam.anand188@example.com,,64
Nilesh Upadhyay,nilesh.upadhyay388@example.com,,98
Govind Kapoor,govind.kapoor465@example.com,,77
Vivek Agrawal,vivek.agrawal973@example.com,,60
Pradeep Dang,pradeep.dang389@example.com,,69
Vidhi Ojha,vidhi.ojha434@example.com,,56
Shweta Shukla,shweta.shukla332@example.com,,68
Diya Tewari,diya.tewari825@example.com,,93
Ishita Grewal,ishita.grewal924@example.com,,52
Naman Kamboj,naman.kamboj27@example.com,,70
Diya Kataria,diya.kataria803@example.com,,67
Yashvi Sahay,yashvi.sahay389@example.com,,88
Vignesh Swaminathan,vignesh.swaminathan316@example.com,,98
Vibhor Dwarakanath,vibhor.dwarakanath441@example.com,,73
Kajal Moorthy,kajal.moorthy555@example.com,,96
Shikha Deshpande,shikha.deshpande484@example.com,,78
Khushi Sahgal,khushi.sahgal25@example.com,,64
Avni Gade,avni.gade810@example.com,,94
Mahesh Jajoo,mahesh.jajoo946@example.com,,42
Ojaswini Trivedi,ojaswini.trivedi524@example.com,,80
Atharva Panjwani,atharva.panjwani797@example.com,,76
Amit Sai,amit.sai188@example.com,,81
Charu Yogesh,charu.yogesh819@example.com,,52
Brijesh Pawar,brijesh.pawar95@example.com,,77
Priya Kashyap,priya.kashyap37@example.com,,87
Manoj Ravi,manoj.ravi875@example.com,,75
Sharad George,sharad.george393@example.com,,57
Hiral Bhatti,hiral.bhatti574@example.com,,52
Anushka Jaiswal,anushka.jaiswal103@example.com,,56
Tejas Mann,tejas.mann118@example.com,,90
Pavan De,pavan.de270@example.com,,68
Janya Oak,janya.oak640@example.com,,98
Puneet Chari,puneet.chari371@example.com,,56
Ishwar Sarin,ishwar.sarin925@example.com,,89
Dev Vinayak,dev.vinayak485@example.com,,90
Dev Niyogi,dev.niyogi457@example.com,,46
Ojaswini Srivastava,ojaswini.srivastava102@example.com,,57
Dinesh Sahgal,dinesh.sahgal680@example.com,,79
Navya Bhandari,navya.bhandari591@example.com,,59
Prashant Acharya,prashant.acharya132@example.com,,72
Rohit Pinto,rohit.pinto907@example.com,,62
Naresh Rai,naresh.rai248@example.com,,96
Ankit Raja,ankit.raja855@example.com,,86
Vignesh Vasudev,vignesh.vasudev117@example.com,,57
Rajan Chopra,rajan.chopra569@example.com,,86
Kritika Narasimhan,kritika.narasimhan312@example.com,,78
Kiran Mohanty,kiran.mohanty985@example.com,,99
Megha Mody,megha.mody870@example.com,,47
Vikrant Ramanathan,vikrant.ramanathan209@example.com,,65
Manasvi Parekh,manasvi.parekh731@example.com,,46
Sandeep Mohanty,sandeep.mohanty74@example.com,,62
Juhi Lal,juhi.lal82@example.com,,40
Ankit Wahal,ankit.wahal949@example.com,,62
Vikram Chawla,vikram.chawla755@example.com,,68
Amit Menon,amit.menon942@example.com,,49
Pradeep Date,pradeep.date0@example.com,,42
Vishesh Verma,vishesh.verma512@example.com,,65
Shaurya Chhabra,shaurya.chhabra805@example.com,,80
Nikita Gill,nikita.gill977@example.com,,99
Bharat Choksi,bharat.choksi980@example.com,,83
Sarvesh Mital,sarvesh.mital306@example.com,,49
Ira Bahri,ira.bahri977@example.com,,92
Kiran Oommen,kiran.oommen774@example.com,,50
Gurdeep Chahal,gurdeep.chahal346@example.com,,56
Naresh Bhasin,naresh.bhasin506@example.com,,77
Akshara Master,akshara.master330@example.com,,60
Pankaj Sahgal,pankaj.sahgal363@example.com,,67
Diya Panda,diya.panda873@example.com,,70
Shweta Chatterjee,shweta.chatterjee351@example.com,,44
Prakash Panigrahi,prakash.panigrahi875@example.com,,83
Srinivas Prakash,srinivas.prakash387@example.com,,57
Tarun Biswas,tarun.biswas377@example.com,,89
Muhammad Ramakrishnan,muhammad.ramakrishnan943@example.com,,41
Kritika Bhattacharyya,kritika.bhattacharyya2@example.com,,72
Priya Pillai,priya.pillai994@example.com,,73
Pankaj Phadnis,pankaj.phadnis532@example.com,,67
Bhavya Agarwal,bhavya.agarwal632@example.com,,86
Ajay Taneja,ajay.taneja321@example.com,,46
Vidit Handa,vidit.handa18@example.com,,51
Samaira Mukhopadhyay,samaira.mukhopadhyay701@example.com,,69
Rajan Vasudev,rajan.vasudev831@example.com,,67
Manish Guha,manish.guha733@example.com,,91
Nakul Kamat,nakul.kamat845@example.com,,66
Manoj Purohit,manoj.purohit666@example.com,,81
Swara Tripathi,swara.tripathi247@example.com,,79
Sushil Juneja,sushil.juneja240@example.com,,43
Jayant Deep,jayant.deep62@example.com,,53
Parag Khanna,parag.khanna256@example.com,,95
Satish Patil,satish.patil798@example.com,,79
Somesh Kishore,somesh.kishore557@example.com,,65
Maitreyi Mall,maitreyi.mall12@example.com,,89
Pankaj Mani,pankaj.mani214@example.com,,58
Parmesh H Hegde,parmesh.h hegde389@example.com,,77
Anup Waikar,anup.waikar311@example.com,,53
Sachin Dalvi,sachin.dalvi759@example.com,,81
Aanya Keer,aanya.keer4@example.com,,67
Ishaan Badal,ishaan.badal921@example.com,,89
Narendra Dhaliwal,narendra.dhaliwal275@example.com,,52
Vidya Naidu,vidya.naidu595@example.com,,62
Veer Sheth,veer.sheth247@example.com,,92
Nehal Lanka,nehal.lanka362@example.com,,95
Saurabh Sahai,saurabh.sahai967@example.com,,64
Prisha Kale,prisha.kale683@example.com,,96
Brijesh Pathak,brijesh.pathak603@example.com,,72
Gagan Dandekar,gagan.dandekar215@example.com,,91
Sudhir Harpal,sudhir.harpal958@example.com,,60
Prasad Murali,prasad.murali536@example.com,,68
Ishwar Gade,ishwar.gade855@example.com,,43
Piyush Rathi,piyush.rathi684@example.com,,43
Ira Hoda,ira.hoda354@example.com,,64
Juhi Raghunathan,juhi.raghunathan910@example.com,,96
Ahana Devi,ahana.devi669@example.com,,64
Bhavesh Dey,bhavesh.dey487@example.com,,83
Hitesh Wahal,hitesh.wahal378@example.com,,85
Ajay Mistry,ajay.mistry264@example.com,,40
Naresh Setty,naresh.setty995@example.com,,72
Sonia Date,sonia.date886@example.com,,66
Aanya Gour,aanya.gour944@example.com,,71
Chahat Savla,chahat.savla561@example.com,,73
Kabir Datta,kabir.datta132@example.com,,47
Abhimanyu Ranganathan,abhimanyu.ranganathan43@example.com,,91
Muhammad Ravindran,muhammad.ravindran134@example.com,,43
Sandeep Kade,sandeep.kade516@example.com,,91
Navya Surve,navya.surve288@example.com,,55
Vishesh Toor,vishesh.toor151@example.com,,78
Nagaraj Chidambaram,nagaraj.chidambaram106@example.com,,53
Jaideep Srinivasan,jaideep.srinivasan529@example.com,,43
Kedar Banerjee,kedar.banerjee422@example.com,,73
Sachin Garg,sachin.garg610@example.com,,72
Chahat Doctor,chahat.doctor116@example.com,,73
Nehal Bal,nehal.bal107@example.com,,47
Sachin Devi,sachin.devi222@example.com,,47
Ramesh Dhingra,ramesh.dhingra165@example.com,,58
Ritesh Raman,ritesh.raman474@example.com,,94
Mehul Joshi,mehul.joshi583@example.com,,75
Vikram Sarma,vikram.sarma243@example.com,,91
Rishabh Bal,rishabh.bal670@example.com,,79
Jaideep Lalla,jaideep.lalla616@example.com,,58
Priya Chauhan,priya.chauhan346@example.com,,91
Venkatesh Pradhan,venkatesh.pradhan511@example.com,,72
Vanya Waikar,vanya.waikar920@example.com,,70
Jatin Raghunathan,jatin.raghunathan44@example.com,,65
Ashwin Dandekar,ashwin.dandekar630@example.com,,83
Vishal Khanna,vishal.khanna935@example.com,,67
Mukul Rajagopal,mukul.rajagopal27@example.com,,83
Avyaan Chidambaram,avyaan.chidambaram311@example.com,,81
Nandini Dash,nandini.dash955@example.com,,45
Sonia Sahu,sonia.sahu50@example.com,,46
Avyaan Nambiar,avyaan.nambiar5@example.com,,44
Sanjay Parmar,sanjay.parmar950@example.com,,93
Anuj Rana,anuj.rana677@example.com,,45
Jatin Master,jatin.master880@example.com,,43
Pranav Bahl,pranav.bahl389@example.com,,91
Shekhar Panicker,shekhar.panicker13@example.com,,91
Anushka Negi,anushka.negi387@example.com,,43
Vishnu Tewari,vishnu.tewari532@example.com,,41
Arjun Desai,arjun.desai550@example.com,,93
Pranay Chowdhury,pranay.chowdhury420@example.com,,41
Gurdeep Dandekar,gurdeep.dandekar867@example.com,,84
Vaibhavi Bains,vaibhavi.bains568@example.com,,95
Madhav Patra,madhav.patra767@example.com,,59
Sumit Bakshi,sumit.bakshi156@example.com,,95
Harshad Mangeshkar,harshad.mangeshkar364@example.com,,99
Kailash Charan,kailash.charan891@example.com,,98
Chirag Thakur,chirag.thakur182@example.com,,46
Jay Nigam,jay.nigam778@example.com,,41
Rishi Warrier,rishi.warrier813@example.com,,53
Kailash Anand,kailash.anand327@example.com,,85
Sameer Mital,sameer.mital248@example.com,,69
Dhruv Dani,dhruv.dani684@example.com,,74
Yash Sharma,yash.sharma903@example.com,,71
Akshara Narula,akshara.narula592@example.com,,60
Mehul Balakrishnan,mehul.balakrishnan482@example.com,,87
Samaira Ramaswamy,samaira.ramaswamy933@example.com,,90
Sridhar Dikshit,sridhar.dikshit25@example.com,,86
Suhani Shanmugam,suhani.shanmugam40@example.com,,51
Rakesh Puri,rakesh.puri335@example.com,,42
Shanya Setty,shanya.setty416@example.com,,54
Ashok Dalvi,ashok.dalvi174@example.com,,74
Ashwin Chhajed,ashwin.chhajed735@example.com,,99
Sneha Warrier,sneha.warrier496@example.com,,83
Swapnil Dhingra,swapnil.dhingra446@example.com,,70
Kavya Gole,kavya.gole933@example.com,,47
Akshay Pai,akshay.pai174@example.com,,57
Jatin Rege,jatin.rege787@example.com,,89
Kishan Pawar,kishan.pawar332@example.com,,45
Sahil Jindal,sahil.jindal869@example.com,,71
Ashwin Pandey,ashwin.pandey653@example.com,,47
Gautam Gala,gautam.gala209@example.com,,41
Varun Kini,varun.kini697@example.com,,90
Sanket Oommen,sanket.oommen932@example.com,,49
Avni Raman,avni.raman372@example.com,,54
Tanmay Thapar,tanmay.thapar90@example.com,,99
Parmesh Johal,parmesh.johal655@example.com,,65
Rajan Lodha,rajan.lodha304@example.com,,78
Vaibhavi Mehrotra,vaibhavi.mehrotra539@example.com,,82
Krishna Shukla,krishna.shukla760@example.com,,53
Prakash Swamy,prakash.swamy838@example.com,,87
Sagar Khatri,sagar.khatri788@example.com,,88
Prakash Kala,prakash.kala676@example.com,,60
Ganesh Mangal,ganesh.mangal864@example.com,,93
Srinivas Murthy,srinivas.murthy943@example.com,,99
Ishani Kade,ishani.kade155@example.com,,50
Shivansh Date,shivansh.date99@example.com,,76
Tejas Khurana,tejas.khurana70@example.com,,76
Vibhor Hota,vibhor.hota38@example.com,,49
Trisha Parihar,trisha.parihar24@example.com,,72
Anuj Narang,anuj.narang551@example.com,,54
Sejal Sengupta,sejal.sengupta510@example.com,,81
Avinash Dalvi,avinash.dalvi174@example.com,,99
Suhani Thacker,suhani.thacker528@example.com,,47
Madan Chander,madan.chander992@example.com,,42
Bhuvan Pall,bhuvan.pall419@example.com,,83
Tushar Fauzdar,tushar.fauzdar294@example.com,,40
Jia Kala,jia.kala187@example.com,,80
Kajal Parikh,kajal.parikh501@example.com,,69
Rakesh Kataria,rakesh.kataria154@example.com,,40
Vidhi Vartak,vidhi.vartak591@example.com,,74
Subhash Dutta,subhash.dutta728@example.com,,42
Chahat Manchanda,chahat.manchanda750@example.com,,85
Nisha Deep,nisha.deep248@example.com,,41
Vibhor Rawat,vibhor.rawat19@example.com,,80
Aditya Nihalani,aditya.nihalani724@example.com,,82
Amit Tak,amit.tak370@example.com,,61
Shekhar Vig,shekhar.vig771@example.com,,82
Saurabh Jindal,saurabh.jindal928@example.com,,76
Shantanu Vaidya,shantanu.vaidya990@example.com,,86
Vasant Tandon,vasant.tandon266@example.com,,90
Rajat Seth,rajat.seth45@example.com,,75
Mahesh Rehman,mahesh.rehman963@example.com,,48
Nandini Mascarenhas,nandini.mascarenhas379@example.com,,49
Megha Kalra,megha.kalra662@example.com,,45
Pari Mani,pari.mani600@example.com,,78
Mahika Garg,mahika.garg816@example.com,,80
Mohit Lanka,mohit.lanka493@example.com,,75
Harshad Bail,harshad.bail808@example.com,,54
Nehal Saha,nehal.saha360@example.com,,87
Parul De,parul.de749@example.com,,87
Piya Om,piya.om153@example.com,,65
Kailash Shirke,kailash.shirke431@example.com,,67
Naina Upadhyay,naina.upadhyay783@example.com,,78
Ananya Lata,ananya.lata89@example.com,,76
Dev Dalvi,dev.dalvi16@example.com,,76
Maitreyi Deep,maitreyi.deep514@example.com,,49
Shubham Dhillon,shubham.dhillon693@example.com,,40
Sahil Juneja,sahil.juneja595@example.com,,85
Aryan Lahiri,aryan.lahiri644@example.com,,73
Tarun Nambiar,tarun.nambiar273@example.com,,71
Arjun D'Souza,arjun.d'souza746@example.com,,60
Madhav Mandal,madhav.mandal158@example.com,,63
Harshad Subramanian,harshad.subramanian501@example.com,,53
Chetan Venkat,chetan.venkat460@example.com,,82
Kavya Hota,kavya.hota993@example.com,,94
Vikrant Joshi,vikrant.joshi735@example.com,,53
Hiral Rao,hiral.rao362@example.com,,40
Pari Ravindran,pari.ravindran403@example.com,,75
Pritam Purohit,pritam.purohit429@example.com,,56
Praveen Sukumar,praveen.sukumar935@example.com,,62
Aniket Setty,aniket.setty492@example.com,,40
Sushil Chhaya,sushil.chhaya975@example.com,,95
Kunal Seth,kunal.seth468@example.com,,49
Geetanjali Patra,geetanjali.patra82@example.com,,49
Arjun Apte,arjun.apte855@example.com,,92
Sunil Chhajed,sunil.chhajed356@example.com,,50
Vishal Dabas,vishal.dabas802@example.com,,66
Sanjay Walia,sanjay.walia539@example.com,,73
Kunal Shinde,kunal.shinde897@example.com,,77
Rohit Ranjan,rohit.ranjan286@example.com,,79
Anushka Yagnik,anushka.yagnik256@example.com,,54
Misha Damle,misha.damle142@example.com,,60
Mukul Kamath,mukul.kamath545@example.com,,99
Shivam Dang,shivam.dang439@example.com,,63
Gurdeep Dash,gurdeep.dash404@example.com,,87
Suraj Arora,suraj.arora503@example.com,,61
Saanvi Dasgupta,saanvi.dasgupta358@example.com,,75
Sai Wangu,sai.wangu614@example.com,,55
Ujjwal Mannan,ujjwal.mannan837@example.com,,90
Omkar Sanghvi,omkar.sanghvi437@example.com,,41
Utkarsh Brahmbhatt,utkarsh.brahmbhatt854@example.com,,89
Shikha Pir,shikha.pir641@example.com,,58
Srinivas Lata,srinivas.lata177@example.com,,92
Drishti Bala,drishti.bala498@example.com,,76
Kritika Jaiswal,kritika.jaiswal819@example.com,,67
Karan Rawal,karan.rawal849@example.com,,91
Ahana Master,ahana.master860@example.com,,42
Abhishek Phadke,abhishek.phadke800@example.com,,46
Ramesh Sundararajan,ramesh.sundararajan169@example.com,,79
Kabir Tewari,kabir.tewari710@example.com,,57
Geetanjali Tiwari,geetanjali.tiwari263@example.com,,62
Sridhar Patel,sridhar.patel433@example.com,,97
Geetanjali Yash,geetanjali.yash299@example.com,,73
Meera Subramanian,meera.subramanian320@example.com,,47
Pradeep Cheema,pradeep.cheema492@example.com,,50
Karan Arora,karan.arora500@example.com,,79
Bhavesh Patnaik,bhavesh.patnaik697@example.com,,54
Tarun Monga,tarun.monga248@example.com,,59
Esha Halder,esha.halder566@example.com,,41
Akshay Kamath,akshay.kamath732@example.com,,96
Nehal Johal,nehal.johal500@example.com,,42
Aanya Patil,aanya.patil972@example.com,,68
Prisha Seth,prisha.seth554@example.com,,93
Navya Thakkar,navya.thakkar991@example.com,,92
Shivangi Sawant,shivangi.sawant445@example.com,,76
Shweta Kataria,shweta.kataria90@example.com,,46
Saurabh Mallick,saurabh.mallick928@example.com,,83
Kunal Banerjee,kunal.banerjee366@example.com,,49
Sejal Kamdar,sejal.kamdar986@example.com,,81
Suraj Hoda,suraj.hoda323@example.com,,42
Prakash Panigrahi,prakash.panigrahi750@example.com,,50
Prateek Amin,prateek.amin573@example.com,,45
Gautam Pawar,gautam.pawar144@example.com,,87
Sanket Singhal,sanket.singhal483@example.com,,42
Sanvi Ganesh,sanvi.ganesh297@example.com,,93
Diya Sud,diya.sud173@example.com,,96
Kiara Juneja,kiara.juneja885@example.com,,81
Misha Chauhan,misha.chauhan586@example.com,,78
Atharva Bakshi,atharva.bakshi311@example.com,,96
Vicky Date,vicky.date509@example.com,,60
Jia Doctor,jia.doctor317@example.com,,94
Rishi Kamte,rishi.kamte183@example.com,,45
Shreya Panicker,shreya.panicker976@example.com,,66
Nakul Talwar,nakul.talwar558@example.com,,96
Dev Nihalani,dev.nihalani422@example.com,,98
Prakash Buch,prakash.buch329@example.com,,83
Kavya Ganguly,kavya.ganguly786@example.com,,43
Ranjeet Wason,ranjeet.wason403@example.com,,96
Siya Tewari,siya.tewari588@example.com,,48
Prakash Khanna,prakash.khanna844@example.com,,94
Shikha Gole,shikha.gole31@example.com,,77
Shanya Agarwal,shanya.agarwal425@example.com,,69
Chahat Mahato,chahat.mahato54@example.com,,88
Vivaan Poddar,vivaan.poddar504@example.com,,43
Dhruv Apte,dhruv.apte105@example.com,,52
Dhruv Oak,dhruv.oak506@example.com,,70
Anup Dhanjal,anup.dhanjal964@example.com,,71
Prabhat Andra,prabhat.andra54@example.com,,43
Shantanu Bir,shantanu.bir871@example.com,,59
Jay Sawant,jay.sawant29@example.com,,53
Anirudh Barman,anirudh.barman70@example.com,,96
Bharat Sanghvi,bharat.sanghvi822@example.com,,74
Priya Perumal,priya.perumal908@example.com,,92
Shikha Nambiar,shikha.nambiar615@example.com,,97
Kiran Kini,kiran.kini570@example.com,,95
Sushant Goyal,sushant.goyal52@example.com,,85
Sara Talwar,sara.talwar760@example.com,,76
Harsh Furtado,harsh.furtado755@example.com,,48
Vibhor Parekh,vibhor.parekh458@example.com,,55
Sandeep Gandhi,sandeep.gandhi937@example.com,,66
Vicky Pradhan,vicky.pradhan164@example.com,,50
Devendra Srinivas,devendra.srinivas962@example.com,,80
Dhaval Thacker,dhaval.thacker238@example.com,,64
Avyaan Radhakrishnan,avyaan.radhakrishnan814@example.com,,46
Parul Raju,parul.raju552@example.com,,90
Avinash Moghe,avinash.moghe869@example.com,,77
Atul Nanduri,atul.nanduri978@example.com,,72
Kailash Tak,kailash.tak682@example.com,,51
Sumit Pillai,sumit.pillai942@example.com,,45
Suhani Dube,suhani.dube60@example.com,,83
Shanaya Pandya,shanaya.pandya149@example.com,,56
Ashok Gola,ashok.gola106@example.com,,96
Sai Phadke,sai.phadke956@example.com,,77
Jeevan Luthra,jeevan.luthra127@example.com,,57
Mohane Mani,mohane.mani591@example.com,,91
Samaira Ravindran,samaira.ravindran243@example.com,,92
Vivaan Rajagopal,vivaan.rajagopal656@example.com,,43
Siddharth Gala,siddharth.gala247@example.com,,70
Kedar Halder,kedar.halder7@example.com,,57
Kirti Dube,kirti.dube358@example.com,,40
Pranav Kataria,pranav.kataria841@example.com,,91
Pavan Jhaveri,pavan.jhaveri431@example.com,,58
Sneha Balakrishnan,sneha.balakrishnan512@example.com,,45
Kaushal Rajaram,kaushal.rajaram131@example.com,,89
Aaradhya Dalal,aaradhya.dalal983@example.com,,59
Tanmay Hota,tanmay.hota549@example.com,,91
Tanvi H Hegde,tanvi.h hegde938@example.com,,41
Shubham Patwardhan,shubham.patwardhan274@example.com,,72
Deepak Barman,deepak.barman510@example.com,,62
Mihir Parulkar,mihir.parulkar433@example.com,,83
Shivansh Mirhandani,shivansh.mirhandani345@example.com,,81
Anika Mandal,anika.mandal314@example.com,,88
Shashank Rajkumar,shashank.rajkumar514@example.com,,48
Vishesh Vaidya,vishesh.vaidya684@example.com,,78
Myra Naik,myra.naik299@example.com,,91
Rohit Rajaram,rohit.rajaram707@example.com,,61
Shruti Srivastava,shruti.srivastava444@example.com,,98
Praveen Nayak,praveen.nayak934@example.com,,78
Ritesh Dalal,ritesh.dalal667@example.com,,87
Mahesh Manchanda,mahesh.manchanda670@example.com,,78
Sonia Setty,sonia.setty454@example.com,,43
Mohane Kaushal,mohane.kaushal193@example.com,,64
Swara Pal,swara.pal915@example.com,,59
Jai Jha,jai.jha392@example.com,,48
Anika Agrawal,anika.agrawal126@example.com,,93
Vishnu Bawa,vishnu.bawa40@example.com,,89
Aditi Raul,aditi.raul287@example.com,,40
Harish Vohra,harish.vohra631@example.com,,92
Sushil Rakshit,sushil.rakshit46@example.com,,78
Parmesh Sood,parmesh.sood977@example.com,,90
Kunal Mathai,kunal.mathai286@example.com,,63
Kabir Ray,kabir.ray524@example.com,,69
Rajiv Chaudhry,rajiv.chaudhry610@example.com,,40
Sneha Seshadri,sneha.seshadri684@example.com,,42
Shivam Wahal,shivam.wahal204@example.com,,62
Hamsini Gavaskar,hamsini.gavaskar679@example.com,,59
Atul Tyagi,atul.tyagi679@example.com,,84
Rajiv Dani,rajiv.dani389@example.com,,99
Rishabh Dhar,rishabh.dhar496@example.com,,78
Sameer Vasudev,sameer.vasudev866@example.com,,88
Sarvesh Patnaik,sarvesh.patnaik647@example.com,,92
Aanya Joshi,aanya.joshi403@example.com,,61
Sarvesh Dhillon,sarvesh.dhillon923@example.com,,52
Mukul Dalvi,mukul.dalvi692@example.com,,72
Bhuvan Soman,bhuvan.soman944@example.com,,88
Nandini Dani,nandini.dani367@example.com,,66
Vidit Keer,vidit.keer42@example.com,,71
Vinod Raju,vinod.raju39@example.com,,91
Yuvraj Nene,yuvraj.nene308@example.com,,47
Mohane Naik,mohane.naik743@example.com,,42
Vikram Hota,vikram.hota590@example.com,,56
Naina Sahai,naina.sahai622@example.com,,81
Vijay Joshi,vijay.joshi515@example.com,,94
Praveen Lohia,praveen.lohia135@example.com,,41
Vignesh Bhardwaj,vignesh.bhardwaj316@example.com,,90
Ira Prabhu,ira.prabhu469@example.com,,77
Manasvi Sekhar,manasvi.sekhar978@example.com,,82
Dhruv Prakash,dhruv.prakash26@example.com,,59
Lokesh Shiv,lokesh.shiv724@example.com,,90
Abhimanyu Jhaveri,abhimanyu.jhaveri425@example.com,,88
Kunal Oza,kunal.oza77@example.com,,68
Ganesh Parikh,ganesh.parikh544@example.com,,52
Nishant Manne,nishant.manne917@example.com,,66
Mahesh Choudhary,mahesh.choudhary653@example.com,,71
Prakash Ranganathan,prakash.ranganathan156@example.com,,92
Anurag Charan,anurag.charan346@example.com,,90
Kaushal Goyal,kaushal.goyal113@example.com,,94
Ajay Narain,ajay.narain324@example.com,,56
Santosh Bhaduri,santosh.bhaduri813@example.com,,48
Kajal Gupta,kajal.gupta906@example.com,,51
Manasvi Ganesh,manasvi.ganesh209@example.com,,74
Veer Lahiri,veer.lahiri144@example.com,,87
Sachin Murali,sachin.murali371@example.com,,85
Hitesh Lahiri,hitesh.lahiri894@example.com,,92
Atul Rehman,atul.rehman596@example.com,,60
Bhavya Patnaik,bhavya.patnaik916@example.com,,79
Mahika Desai,mahika.desai619@example.com,,68
Chahat Khanna,chahat.khanna250@example.com,,69
Lokesh Keer,lokesh.keer647@example.com,,89
Kinjal Hirani,kinjal.hirani66@example.com,,83
Anika Basak,anika.basak470@example.com,,42
Ramesh Mallick,ramesh.mallick568@example.com,,79
Suhani Agrawal,suhani.agrawal365@example.com,,51
Prateek Oberoi,prateek.oberoi482@example.com,,52
Vikrant Majumdar,vikrant.majumdar385@example.com,,72
Prabhat Vir,prabhat.vir143@example.com,,74
Gopal Devan,gopal.devan265@example.com,,45
Aaryan Khan,aaryan.khan144@example.com,,47
Amit Sukumar,amit.sukumar358@example.com,,41
Jia Mandal,jia.mandal285@example.com,,80
Omkar Dayal,omkar.dayal972@example.com,,95
Piya Namboodiri,piya.namboodiri973@example.com,,42
Tejas Loh,tejas.loh693@example.com,,70
Nitin Nair,nitin.nair823@example.com,,54
Vrinda Dhingra,vrinda.dhingra338@example.com,,77
Mahesh Rege,mahesh.rege244@example.com,,61
Arjun Randhawa,arjun.randhawa314@example.com,,71
Nikhil Radhakrishnan,nikhil.radhakrishnan84@example.com,,50
Vishal Kamath,vishal.kamath57@example.com,,98
Manish Ram,manish.ram464@example.com,,74
Keshav Loh,keshav.loh840@example.com,,72
Aditya Tyagi,aditya.tyagi760@example.com,,50
Girish George,girish.george238@example.com,,87
Ansh Panjwani,ansh.panjwani543@example.com,,40
Prateek Hoda,prateek.hoda584@example.com,,54
Yash Bassi,yash.bassi802@example.com,,87
Diya Nath,diya.nath149@example.com,,47
Nakul Kakar,nakul.kakar45@example.com,,74
Rohan Amble,rohan.amble157@example.com,,96
Ishaan Mammen,ishaan.mammen744@example.com,,63
Shreya Panjwani,shreya.panjwani126@example.com,,42
Ramesh Jindal,ramesh.jindal837@example.com,,85
Pavan Hari,pavan.hari409@example.com,,50
Harshita Madan,harshita.madan430@example.com,,79
Parth Brahmbhatt,parth.brahmbhatt501@example.com,,56
Sumit Sethi,sumit.sethi595@example.com,,61
Ishani Pandya,ishani.pandya193@example.com,,63
Sandeep D'Souza,sandeep.d'souza922@example.com,,63
Pankaj Saraf,pankaj.saraf972@example.com,,52
Nilesh Aurora,nilesh.aurora316@example.com,,55
Sagar Mammen,sagar.mammen692@example.com,,53
Sharad Bahl,sharad.bahl564@example.com,,78
Anushka Bhagat,anushka.bhagat368@example.com,,68
Dilip Cheema,dilip.cheema259@example.com,,85
Vivek Chhajed,vivek.chhajed497@example.com,,94
Vinay Ahluwalia,vinay.ahluwalia889@example.com,,45
Sachin Pir,sachin.pir52@example.com,,72
Sumit Patil,sumit.patil746@example.com,,72
Ishani Tak,ishani.tak982@example.com,,43
Avinash Patel,avinash.patel944@example.com,,81
Prashant Bhakta,prashant.bhakta917@example.com,,79
Urvi Bhakta,urvi.bhakta89@example.com,,74
Piyush Muni,piyush.muni821@example.com,,78
Vihaan Dhingra,vihaan.dhingra100@example.com,,71
Karan Lata,karan.lata697@example.com,,49
Madan Purohit,madan.purohit194@example.com,,88
Praveen Lamba,praveen.lamba843@example.com,,68
Pavan Wahal,pavan.wahal259@example.com,,74
Riya Cherian,riya.cherian481@example.com,,82
Chaitanya Vaz,chaitanya.vaz127@example.com,,42
Venkatesh Rath,venkatesh.rath306@example.com,,83
Somesh Munshi,somesh.munshi379@example.com,,58
Pooja Shiv,pooja.shiv205@example.com,,75
Chetan Mane,chetan.mane866@example.com,,75
Sai Vaz,sai.vaz982@example.com,,77
Umang Shankar,umang.shankar539@example.com,,94
Hemant Choksi,hemant.choksi556@example.com,,56
Gagan Gopalan,gagan.gopalan446@example.com,,60
Aravind Ahluwalia,aravind.ahluwalia48@example.com,,89
Vibhor Nandi,vibhor.nandi159@example.com,,58
Pranav Das,pranav.das867@example.com,,71
Prabhat Ramakrishnan,prabhat.ramakrishnan445@example.com,,67
Vineet Padmanabhan,vineet.padmanabhan927@example.com,,70
Avinash Narang,avinash.narang430@example.com,,57
Yogesh Goda,yogesh.goda727@example.com,,45
Karthik Kadam,karthik.kadam41@example.com,,78
Saanvi Mallick,saanvi.mallick472@example.com,,72
Pankaj Malhotra,pankaj.malhotra632@example.com,,55
Ojaswini Devan,ojaswini.devan150@example.com,,92
Vikas Mahal,vikas.mahal866@example.com,,47
Utkarsh Dash,utkarsh.dash142@example.com,,42
Vaibhavi Khatri,vaibhavi.khatri271@example.com,,42
Aaradhya Rawal,aaradhya.rawal33@example.com,,59
Shivam Taneja,shivam.taneja117@example.com,,46
Charu Anand,charu.anand333@example.com,,52
Aniket Narain,aniket.narain60@example.com,,68
Jitendra Naidu,jitendra.naidu759@example.com,,97
Lavanya Sodhi,lavanya.sodhi704@example.com,,60
Vidya Kurian,vidya.kurian906@example.com,,57
Hari Bahl,hari.bahl988@example.com,,96
Kaavya Sawant,kaavya.sawant713@example.com,,90
Vidya Hiremath,vidya.hiremath343@example.com,,71
Swara Gogoi,swara.gogoi543@example.com,,40
Nilesh Vasudevan,nilesh.vasudevan426@example.com,,61
Swara Bhandari,swara.bhandari430@example.com,,59
Sachin Basak,sachin.basak415@example.com,,56
Akshay Lata,akshay.lata642@example.com,,49
Ashwin Nath,ashwin.nath784@example.com,,61
Piyush Rakshit,piyush.rakshit329@example.com,,41
Meera Kulkarni,meera.kulkarni67@example.com,,78
Sara Parmar,sara.parmar17@example.com,,45
Vikram Mannan,vikram.mannan252@example.com,,69
Parth Kurian,parth.kurian186@example.com,,67
Yashvi Mohan,yashvi.mohan716@example.com,,49
Vignesh Bhalla,vignesh.bhalla204@example.com,,60
Siya Poddar,siya.poddar469@example.com,,52
Shreyas Bandyopadhyay,shreyas.bandyopadhyay761@example.com,,41
Kritika Sanghvi,kritika.sanghvi621@example.com,,41
Neeraj Dass,neeraj.dass70@example.com,,77
Sharad Mani,sharad.mani930@example.com,,47
Himanshu Ranjan,himanshu.ranjan669@example.com,,85
Varun Marwah,varun.marwah321@example.com,,99
Parul Guha,parul.guha501@example.com,,97
Esha Manne,esha.manne744@example.com,,82
Prisha Sethi,prisha.sethi634@example.com,,99
Aaradhya Mahindra,aaradhya.mahindra779@example.com,,70
Uday Shaikh,uday.shaikh794@example.com,,84
Shantanu Gulati,shantanu.gulati773@example.com,,57
Hari Lalla,hari.lalla629@example.com,,85
Nagaraj Chaudhary,nagaraj.chaudhary532@example.com,,97
Sahil Wason,sahil.wason615@example.com,,40
Parag Patwardhan,parag.patwardhan608@example.com,,57
Devendra Kuruvilla,devendra.kuruvilla472@example.com,,97
Nakul Gopalan,nakul.gopalan973@example.com,,60
Divish Mathur,divish.mathur874@example.com,,51
Jitendra Sarkar,jitendra.sarkar534@example.com,,81
Veda Master,veda.master240@example.com,,55
Aniket Munshi,aniket.munshi353@example.com,,52
Geetanjali Sachar,geetanjali.sachar289@example.com,,77
Kiara Khurana,kiara.khurana562@example.com,,74
Manish Gade,manish.gade938@example.com,,50
Kishan Negi,kishan.negi185@example.com,,78
Pranay Morparia,pranay.morparia641@example.com,,83
Himanshu Rathod,himanshu.rathod458@example.com,,47
Mishka Devi,mishka.devi360@example.com,,95
Girish Yadav,girish.yadav804@example.com,,73
Vrinda Chaudhary,vrinda.chaudhary447@example.com,,75
Gauri Sudarshan,gauri.sudarshan15@example.com,,89
Amrita Bail,amrita.bail293@example.com,,90
Atharva Anthony,atharva.anthony585@example.com,,51
Atharva Vig,atharva.vig609@example.com,,75
Lokesh Dave,lokesh.dave348@example.com,,78
Maitreyi Rajagopalan,maitreyi.rajagopalan633@example.com,,50
Shivam Lavakare,shivam.lavakare661@example.com,,59
Sarvesh Mahindra,sarvesh.mahindra959@example.com,,56
Ansh Perumal,ansh.perumal37@example.com,,46
Nishant Ghosh,nishant.ghosh111@example.com,,80
Raman Jhaveri,raman.jhaveri725@example.com,,76
Myra Oak,myra.oak834@example.com,,92
Dev Acharya,dev.acharya814@example.com,,82
Shanya Vasudevan,shanya.vasudevan136@example.com,,83
Veda Gautam,veda.gautam492@example.com,,46
Subhash Vora,subhash.vora918@example.com,,62
Anurag Wahal,anurag.wahal344@example.com,,65
Chirag Nambiar,chirag.nambiar103@example.com,,55
Aditya Parthan,aditya.parthan193@example.com,,60
Anand Sinha,anand.sinha275@example.com,,47
Saurabh Namboodiri,saurabh.namboodiri989@example.com,,89
Jayant Pattanayak,jayant.pattanayak730@example.com,,67
Bharat Narasimhan,bharat.narasimhan432@example.com,,82
Ashwin Raul,ashwin.raul516@example.com,,66
Shashank Mahindra,shashank.mahindra87@example.com,,91
Vivek Narayan,vivek.narayan679@example.com,,76
Shekhar Kamdar,shekhar.kamdar385@example.com,,44
Abhimanyu Chandy,abhimanyu.chandy224@example.com,,71
Kritika Bhakta,kritika.bhakta323@example.com,,98
Ahana Tak,ahana.tak370@example.com,,67
Devendra Kaushal,devendra.kaushal907@example.com,,60
Vignesh Nayak,vignesh.nayak625@example.com,,79
Shanya Naik,shanya.naik211@example.com,,51
Ganesh Gandhi,ganesh.gandhi851@example.com,,46
Ashok Mitra,ashok.mitra192@example.com,,95
Saurabh Gopal,saurabh.gopal332@example.com,,46
Anirudh Buhari,anirudh.buhari823@example.com,,81
Mihir Morparia,mihir.morparia12@example.com,,70
Abhimanyu Khurana,abhimanyu.khurana44@example.com,,68
Dhruv Bhasin,dhruv.bhasin139@example.com,,61
Vignesh Dharam,vignesh.dharam482@example.com,,83
Hemant Sethi,hemant.sethi514@example.com,,70
Nitya Upadhyay,nitya.upadhyay790@example.com,,92
Mohane Pratap,mohane.pratap893@example.com,,49
Veda Dravid,veda.dravid149@example.com,,88
Parth Dave,parth.dave448@example.com,,59
Aryan Merchant,aryan.merchant416@example.com,,68
Sundar Dayal,sundar.dayal366@example.com,,71
Sridhar Murthy,sridhar.murthy508@example.com,,63
Reyansh Verma,reyansh.verma243@example.com,,93
Avinash Nishad,avinash.nishad522@example.com,,94
Anshul Chakraborty,anshul.chakraborty224@example.com,,93
Shantanu Rathod,shantanu.rathod108@example.com,,67
Aanya Setty,aanya.setty420@example.com,,67
Mohane D'Cruz,mohane.d'cruz551@example.com,,53
Suraj Jalan,suraj.jalan957@example.com,,45
Ankit Oza,ankit.oza865@example.com,,84
Shreya Devi,shreya.devi93@example.com,,88
Omkar Oberoi,omkar.oberoi631@example.com,,60
Ishaan Mahajan,ishaan.mahajan45@example.com,,51
Hari Khan,hari.khan409@example.com,,49
Umang Kataria,umang.kataria525@example.com,,88
Sameer Atwal,sameer.atwal181@example.com,,90
Gautam Pant,gautam.pant948@example.com,,82
Avni Ganesh,avni.ganesh973@example.com,,72
Parul Chidambaram,parul.chidambaram355@example.com,,95
Priya Agarwal,priya.agarwal286@example.com,,60
Kajal Mondal,kajal.mondal581@example.com,,71
Lokesh Dave,lokesh.dave575@example.com,,57
Manish Luthra,manish.luthra838@example.com,,90
Vidhi Bhattacharyya,vidhi.bhattacharyya539@example.com,,46
Jay Saraf,jay.saraf547@example.com,,53
Hitesh Padmanabhan,hitesh.padmanabhan257@example.com,,97
Avni Mangat,avni.mangat185@example.com,,60
Ganesh Sikka,ganesh.sikka549@example.com,,65
Trisha Ahluwalia,trisha.ahluwalia937@example.com,,42
Nikita Mody,nikita.mody144@example.com,,90
Siya Harpal,siya.harpal916@example.com,,88
Rohan Chacko,rohan.chacko717@example.com,,62
Nishant Kar,nishant.kar733@example.com,,58
Sumit Wadhwa,sumit.wadhwa383@example.com,,71
Dinesh Sahgal,dinesh.sahgal283@example.com,,95
Anshul Mukherjee,anshul.mukherjee549@example.com,,40
Aditya Shiv,aditya.shiv318@example.com,,98
Rajeev Narasimhan,rajeev.narasimhan907@example.com,,67
Srinivas Arora,srinivas.arora32@example.com,,50
Kedar Vajpayee,kedar.vajpayee295@example.com,,87
Drishti Tank,drishti.tank801@example.com,,79
Mukul Lal,mukul.lal472@example.com,,97
Sejal Swamy,sejal.swamy209@example.com,,71
Parmesh Aurora,parmesh.aurora617@example.com,,76
Vikram Radhakrishnan,vikram.radhakrishnan727@example.com,,81
Praveen Dhaliwal,praveen.dhaliwal573@example.com,,85
Dheeraj Joshi,dheeraj.joshi790@example.com,,43
Prateek Ravindran,prateek.ravindran885@example.com,,78
Piyush De,piyush.de580@example.com,,99
Trisha Swamy,trisha.swamy815@example.com,,43
Satish Bhatti,satish.bhatti56@example.com,,78
Parth Kadam,parth.kadam760@example.com,,80
Parmesh Ravi,parmesh.ravi938@example.com,,67
Kavya Phadke,kavya.phadke705@example.com,,80
Nandini Mall,nandini.mall574@example.com,,86
Megha Lanka,megha.lanka990@example.com,,44
Navin Seshadri,navin.seshadri859@example.com,,86
Harshita Gour,harshita.gour747@example.com,,92
Manish Kala,manish.kala622@example.com,,56
Divish Soni,divish.soni351@example.com,,47
Ayush Yagnik,ayush.yagnik723@example.com,,91
Shekhar Srinivasan,shekhar.srinivasan376@example.com,,92
Deepak Gavaskar,deepak.gavaskar343@example.com,,74
Myra Parulkar,myra.parulkar650@example.com,,76
Mishka Dave,mishka.dave14@example.com,,94
Veer Dhanjal,veer.dhanjal188@example.com,,43
Ahana Mehra,ahana.mehra590@example.com,,60
Aanya Gautam,aanya.gautam952@example.com,,66
Vaibhav Vaid,vaibhav.vaid380@example.com,,80
Karthik Jadhav,karthik.jadhav759@example.com,,92
Pankaj Gade,pankaj.gade515@example.com,,50
Sachin Kundu,sachin.kundu196@example.com,,40
Pramod Ahluwalia,pramod.ahluwalia678@example.com,,49
Suresh Prasad,suresh.prasad355@example.com,,74
Kritika Vaidyanathan,kritika.vaidyanathan682@example.com,,74
Kritika Vij,kritika.vij668@example.com,,84
Nakul Sekhar,nakul.sekhar5@example.com,,44
Mehul Vora,mehul.vora529@example.com,,54
Hari Pandit,hari.pandit635@example.com,,69
Vicky Chahal,vicky.chahal535@example.com,,77
Parag Murty,parag.murty491@example.com,,59
Aditya Narain,aditya.narain627@example.com,,61
Ishani Sanyal,ishani.sanyal316@example.com,,78
Mayank Kurian,mayank.kurian497@example.com,,89
Rishabh Dhawan,rishabh.dhawan96@example.com,,79
Arjun Patnaik,arjun.patnaik409@example.com,,70
Lalit Chandran,lalit.chandran120@example.com,,62
Arun Narang,arun.narang22@example.com,,80
Esha Rawal,esha.rawal42@example.com,,73
Aadya Gavaskar,aadya.gavaskar888@example.com,,98
Vidya Basak,vidya.basak357@example.com,,45
Vicky Raju,vicky.raju26@example.com,,77
Dilip Prakash,dilip.prakash788@example.com,,66
Ishwar Balakrishnan,ishwar.balakrishnan690@example.com,,53
Nitya Niyogi,nitya.niyogi381@example.com,,90
Himanshu Thatte,himanshu.thatte712@example.com,,63
Roshni Varadarajan,roshni.varadarajan990@example.com,,52
Jaideep Phadnis,jaideep.phadnis908@example.com,,46
Narendra Mody,narendra.mody414@example.com,,59
Dilip Madan,dilip.madan963@example.com,,47
Vikrant Bansal,vikrant.bansal340@example.com,,93
Shekhar Niyogi,shekhar.niyogi892@example.com,,66
Pari Mall,pari.mall150@example.com,,72
Navin Sanghvi,navin.sanghvi858@example.com,,58
Ajay Badal,ajay.badal457@example.com,,49
Shekhar Sundaram,shekhar.sundaram760@example.com,,92
Narayan Sarin,narayan.sarin768@example.com,,66
Tejas Mitra,tejas.mitra44@example.com,,45
Sudhir Manne,sudhir.manne386@example.com,,84
Nikhil Laxman,nikhil.laxman713@example.com,,74
Chetan Dalvi,chetan.dalvi868@example.com,,86
Ishita Gole,ishita.gole916@example.com,,98
Akshay Thakkar,akshay.thakkar947@example.com,,43
Yash Nikam,yash.nikam257@example.com,,92
Lokesh Subramanian,lokesh.subramanian880@example.com,,81
Rajesh Khurana,rajesh.khurana731@example.com,,74
Shivansh Ramachandran,shivansh.ramachandran246@example.com,,96
Yashvi Mohan,yashvi.mohan458@example.com,,82
Sameer Khurana,sameer.khurana696@example.com,,56
Zara Vasudev,zara.vasudev910@example.com,,90
Kaavya Patil,kaavya.patil568@example.com,,99
Raj Raja,raj.raja174@example.com,,87
Dhruv Padmanabhan,dhruv.padmanabhan664@example.com,,80
Shruti Buhari,shruti.buhari474@example.com,,83
Veer Nagpal,veer.nagpal397@example.com,,68
Tanvi Roy,tanvi.roy865@example.com,,70
Juhi Raj,juhi.raj676@example.com,,53
Sameer Niyogi,sameer.niyogi739@example.com,,42
Rajat Varma,rajat.varma632@example.com,,47
Madhav Bajaj,madhav.bajaj942@example.com,,40
Kedar Mallick,kedar.mallick971@example.com,,76
Shankar Choudhary,shankar.choudhary405@example.com,,51
Aditi Dev,aditi.dev922@example.com,,88
Bhuvan Ranganathan,bhuvan.ranganathan744@example.com,,47
Hrithik Pai,hrithik.pai21@example.com,,79
Suhani Pinto,suhani.pinto110@example.com,,46
Vidya Engineer,vidya.engineer943@example.com,,61
Vivaan Bahri,vivaan.bahri377@example.com,,48
Kabir Ranganathan,kabir.ranganathan70@example.com,,48
Srinivas Kulkarni,srinivas.kulkarni688@example.com,,67
Juhi Naidu,juhi.naidu572@example.com,,68
Pramod Naidu,pramod.naidu798@example.com,,50
Dhruv Dwarakanath,dhruv.dwarakanath813@example.com,,89
Amol Rao,amol.rao712@example.com,,83
Gautam Mittal,gautam.mittal295@example.com,,73
Suman Hiremath,suman.hiremath528@example.com,,71
Vinod Thapar,vinod.thapar860@example.com,,57
Nisha Nagarajan,nisha.nagarajan970@example.com,,79
Bharat Parekh,bharat.parekh908@example.com,,54
Shanaya Pawar,shanaya.pawar354@example.com,,41
Nilesh Suri,nilesh.suri231@example.com,,81
Gopal Thakur,gopal.thakur512@example.com,,95
Narendra Mahato,narendra.mahato980@example.com,,55
Kiran Kaushal,kiran.kaushal481@example.com,,73
Devendra Ram,devendra.ram506@example.com,,62
Subhash Gautam,subhash.gautam990@example.com,,88
Narayan Soman,narayan.soman49@example.com,,59
Saanvi Vij,saanvi.vij920@example.com,,83
Vinay Saran,vinay.saran885@example.com,,95
Vanya Shastry,vanya.shastry932@example.com,,91
Raj Pall,raj.pall115@example.com,,71
Pari Rajagopalan,pari.rajagopalan829@example.com,,40
Nilesh Burman,nilesh.burman853@example.com,,43
Anuj Arya,anuj.arya122@example.com,,50
Tara Muni,tara.muni889@example.com,,70
Aaryan Vaidyanathan,aaryan.vaidyanathan987@example.com,,98
Aditi Sen,aditi.sen60@example.com,,72
Sharad Janakiraman,sharad.janakiraman706@example.com,,94
Shekhar Padmanabhan,shekhar.padmanabhan221@example.com,,83
Nilesh Panjwani,nilesh.panjwani348@example.com,,72
Nishant Mohan,nishant.mohan415@example.com,,86
Aryan Ramesh,aryan.ramesh983@example.com,,41
Prabhat Burman,prabhat.burman243@example.com,,68
Vinay Sethi,vinay.sethi257@example.com,,59
Shaurya Kaveri,shaurya.kaveri810@example.com,,71
Ganesh Dewan,ganesh.dewan155@example.com,,49
Vinay Murty,vinay.murty97@example.com,,41
Rahul H Hegde,rahul.h hegde137@example.com,,44
Nilesh Sudarshan,nilesh.sudarshan783@example.com,,79
Shashank D'Souza,shashank.d'souza618@example.com,,94
Khushi Deshpande,khushi.deshpande587@example.com,,65
Aditi Mann,aditi.mann488@example.com,,97
Rajesh Parihar,rajesh.parihar145@example.com,,66
Sachin Bose,sachin.bose27@example.com,,92
Shanya Sen,shanya.sen777@example.com,,54
Kunal Parthan,kunal.parthan662@example.com,,96
Anand Sheth,anand.sheth945@example.com,,81
Punit Sastry,punit.sastry744@example.com,,41
Sonali Dhanjal,sonali.dhanjal437@example.com,,58
Utkarsh Parekh,utkarsh.parekh457@example.com,,81
Raman Wad,raman.wad122@example.com,,77
Parth Vasudev,parth.vasudev159@example.com,,49
Sourav Mahato,sourav.mahato719@example.com,,81
Prasad De,prasad.de446@example.com,,75
Jitendra Bhardwaj,jitendra.bhardwaj510@example.com,,46
Muhammad Devan,muhammad.devan618@example.com,,94
Ira Agarwal,ira.agarwal248@example.com,,52
Kirti Matta,kirti.matta636@example.com,,51
Ishaan Hirani,ishaan.hirani373@example.com,,50
Parag Kannan,parag.kannan692@example.com,,42
Ira Raman,ira.raman604@example.com,,99
Kaavya Jain,kaavya.jain393@example.com,,55
Vedant Seth,vedant.seth259@example.com,,65
Shivangi Doctor,shivangi.doctor630@example.com,,53
Udit Jain,udit.jain708@example.com,,44
Manish Tewari,manish.tewari61@example.com,,84
Sameer Mohanty,sameer.mohanty627@example.com,,61
Parmesh Chhadwa,parmesh.chhadwa294@example.com,,78
Sudhir Tyagi,sudhir.tyagi681@example.com,,52
Pramod Saran,pramod.saran957@example.com,,77
Aditya Banerjee,aditya.banerjee936@example.com,,83
Neeraj Mitra,neeraj.mitra423@example.com,,83
Manish Pathak,manish.pathak477@example.com,,78
Megha Bir,megha.bir89@example.com,,59
Sameer Kashyap,sameer.kashyap829@example.com,,76
Hamsini Parulkar,hamsini.parulkar41@example.com,,78
Umang Sethi,umang.sethi555@example.com,,91
Abhimanyu Perumal,abhimanyu.perumal876@example.com,,52
Pradeep Nagarajan,pradeep.nagarajan575@example.com,,42
Pritam Prabhakar,pritam.prabhakar143@example.com,,86
Sanvi Wagle,sanvi.wagle193@example.com,,80
Kishan Mangat,kishan.mangat928@example.com,,61
Parmesh Anthony,parmesh.anthony228@example.com,,94
Manasvi Oza,manasvi.oza320@example.com,,73
Sonia Ghosal,sonia.ghosal606@example.com,,51
Sunil Bhargava,sunil.bhargava376@example.com,,41
Ajay Kawa,ajay.kawa924@example.com,,74
Sonia Prabhu,sonia.prabhu761@example.com,,93
Sanvi Panigrahi,sanvi.panigrahi593@example.com,,65
Vasant Sanghvi,vasant.sanghvi662@example.com,,92
Lokesh Jalan,lokesh.jalan809@example.com,,47
Vishesh Selvan,vishesh.selvan134@example.com,,93
Nagaraj Dang,nagaraj.dang820@example.com,,42
Kailash Rao,kailash.rao199@example.com,,76
Dhruv Kanchan,dhruv.kanchan972@example.com,,89
Niharika Anthony,niharika.anthony440@example.com,,88
Rahul Pandya,rahul.pandya442@example.com,,78
Ritesh Prakash,ritesh.prakash503@example.com,,91
Amit Dhawan,amit.dhawan846@example.com,,66
Pradeep Ranjan,pradeep.ranjan853@example.com,,65
Urvi Raghavan,urvi.raghavan10@example.com,,77
